{
    "__main__": {
        "bacon": 0,
        "imports": [
            "flask_sqlalchemy",
            "flask_sqlalchemy.cli",
            "flask_sqlalchemy.extension",
            "flask_sqlalchemy.model",
            "flask_sqlalchemy.pagination",
            "flask_sqlalchemy.query",
            "flask_sqlalchemy.record_queries",
            "flask_sqlalchemy.session",
            "flask_sqlalchemy.table",
            "flask_sqlalchemy.track_modifications"
        ],
        "name": "__main__",
        "path": null
    },
    "flask_sqlalchemy": {
        "bacon": 1,
        "imported_by": [
            "__main__",
            "flask_sqlalchemy.extension"
        ],
        "imports": [
            "flask_sqlalchemy.extension"
        ],
        "name": "flask_sqlalchemy",
        "path": "C:\\Users\\srira\\OneDrive - iitgn.ac.in\\STT for CS\\Lab 9\\flask-sqlalchemy\\src\\flask_sqlalchemy\\__init__.py"
    },
    "flask_sqlalchemy.cli": {
        "bacon": 1,
        "imported_by": [
            "__main__",
            "flask_sqlalchemy.extension"
        ],
        "name": "flask_sqlalchemy.cli",
        "path": "C:\\Users\\srira\\OneDrive - iitgn.ac.in\\STT for CS\\Lab 9\\flask-sqlalchemy\\src\\flask_sqlalchemy\\cli.py"
    },
    "flask_sqlalchemy.extension": {
        "bacon": 1,
        "imported_by": [
            "__main__",
            "flask_sqlalchemy",
            "flask_sqlalchemy.model",
            "flask_sqlalchemy.session"
        ],
        "imports": [
            "flask_sqlalchemy",
            "flask_sqlalchemy.cli",
            "flask_sqlalchemy.model",
            "flask_sqlalchemy.pagination",
            "flask_sqlalchemy.query",
            "flask_sqlalchemy.record_queries",
            "flask_sqlalchemy.session",
            "flask_sqlalchemy.table",
            "flask_sqlalchemy.track_modifications"
        ],
        "name": "flask_sqlalchemy.extension",
        "path": "C:\\Users\\srira\\OneDrive - iitgn.ac.in\\STT for CS\\Lab 9\\flask-sqlalchemy\\src\\flask_sqlalchemy\\extension.py"
    },
    "flask_sqlalchemy.model": {
        "bacon": 1,
        "imported_by": [
            "__main__",
            "flask_sqlalchemy.extension"
        ],
        "imports": [
            "flask_sqlalchemy.extension",
            "flask_sqlalchemy.query"
        ],
        "name": "flask_sqlalchemy.model",
        "path": "C:\\Users\\srira\\OneDrive - iitgn.ac.in\\STT for CS\\Lab 9\\flask-sqlalchemy\\src\\flask_sqlalchemy\\model.py"
    },
    "flask_sqlalchemy.pagination": {
        "bacon": 1,
        "imported_by": [
            "__main__",
            "flask_sqlalchemy.extension",
            "flask_sqlalchemy.query"
        ],
        "name": "flask_sqlalchemy.pagination",
        "path": null
    },
    "flask_sqlalchemy.query": {
        "bacon": 1,
        "imported_by": [
            "__main__",
            "flask_sqlalchemy.extension",
            "flask_sqlalchemy.model"
        ],
        "imports": [
            "flask_sqlalchemy.pagination"
        ],
        "name": "flask_sqlalchemy.query",
        "path": "C:\\Users\\srira\\OneDrive - iitgn.ac.in\\STT for CS\\Lab 9\\flask-sqlalchemy\\src\\flask_sqlalchemy\\query.py"
    },
    "flask_sqlalchemy.record_queries": {
        "bacon": 1,
        "imported_by": [
            "__main__",
            "flask_sqlalchemy.extension"
        ],
        "name": "flask_sqlalchemy.record_queries",
        "path": "C:\\Users\\srira\\OneDrive - iitgn.ac.in\\STT for CS\\Lab 9\\flask-sqlalchemy\\src\\flask_sqlalchemy\\record_queries.py"
    },
    "flask_sqlalchemy.session": {
        "bacon": 1,
        "imported_by": [
            "__main__",
            "flask_sqlalchemy.extension",
            "flask_sqlalchemy.track_modifications"
        ],
        "imports": [
            "flask_sqlalchemy.extension"
        ],
        "name": "flask_sqlalchemy.session",
        "path": "C:\\Users\\srira\\OneDrive - iitgn.ac.in\\STT for CS\\Lab 9\\flask-sqlalchemy\\src\\flask_sqlalchemy\\session.py"
    },
    "flask_sqlalchemy.table": {
        "bacon": 1,
        "imported_by": [
            "__main__",
            "flask_sqlalchemy.extension"
        ],
        "name": "flask_sqlalchemy.table",
        "path": "C:\\Users\\srira\\OneDrive - iitgn.ac.in\\STT for CS\\Lab 9\\flask-sqlalchemy\\src\\flask_sqlalchemy\\table.py"
    },
    "flask_sqlalchemy.track_modifications": {
        "bacon": 1,
        "imported_by": [
            "__main__",
            "flask_sqlalchemy.extension"
        ],
        "imports": [
            "flask_sqlalchemy.session"
        ],
        "name": "flask_sqlalchemy.track_modifications",
        "path": "C:\\Users\\srira\\OneDrive - iitgn.ac.in\\STT for CS\\Lab 9\\flask-sqlalchemy\\src\\flask_sqlalchemy\\track_modifications.py"
    }
}