{
    "__main__": {
        "fan_in": 0,
        "fan_out": 10
    },
    "flask_sqlalchemy": {
        "fan_in": 2,
        "fan_out": 1
    },
    "flask_sqlalchemy.cli": {
        "fan_in": 2,
        "fan_out": 0
    },
    "flask_sqlalchemy.extension": {
        "fan_in": 4,
        "fan_out": 9
    },
    "flask_sqlalchemy.model": {
        "fan_in": 2,
        "fan_out": 2
    },
    "flask_sqlalchemy.pagination": {
        "fan_in": 3,
        "fan_out": 0
    },
    "flask_sqlalchemy.query": {
        "fan_in": 3,
        "fan_out": 1
    },
    "flask_sqlalchemy.record_queries": {
        "fan_in": 2,
        "fan_out": 0
    },
    "flask_sqlalchemy.session": {
        "fan_in": 3,
        "fan_out": 1
    },
    "flask_sqlalchemy.table": {
        "fan_in": 2,
        "fan_out": 0
    },
    "flask_sqlalchemy.track_modifications": {
        "fan_in": 2,
        "fan_out": 1
    }
}