Package Name,Type Name,LCOM1,LCOM2,LCOM3,LCOM4,LCOM5,YALCOM
org.springframework.samples.petclinic.owner,"(name = ""owners"")
public class Owner extends Person {

	@Column(name = ""address"")
	@NotBlank
	private String address;

	@Column(name = ""city"")
	@NotBlank
	private String city;

	@Column(name = ""telephone"")
	@NotBlank
	@Pattern(regexp = ""\\d{10}"", message = ""Telephone must be a 10-digit number"")
	private String telephone;

	@OneToMany(cascade = CascadeType.ALL, fetch = FetchType.EAGER)
	@JoinColumn(name = ""owner_id"")",69,60,7,3,0.875,0.23076923076923078
org.springframework.samples.petclinic.owner,"public class Pet extends NamedEntity {

	@Column(name = ""birth_date"")
	@DateTimeFormat(pattern = ""yyyy-MM-dd"")
	private LocalDate birthDate;

	@ManyToOne
	@JoinColumn(name = ""type_id"")
	private PetType type;
",13,11,4,3,0.8666666666666666,0.5
org.springframework.samples.petclinic.owner,"public class PetValidator implements Validator {

	private static final String REQUIRED = ""required"";

	@Override
	public void validate(Object obj, Errors errors) {
		Pet pet = (Pet) obj;
		String name = pet.getName();
		// name validation
		if (!StringUtils.hasText(name)) {
			errors.rejectValue(""name"", REQUIRED, REQUIRED);
		}

		// type validation
		if (pet.isNew() &&",1,0,2,2,1,1
